﻿<?xml version="1.0" encoding="UTF-8"?>


<configuration>


    <substitutionProperty name="day.log" value="D:\logs"/>
    <!-- <substitutionProperty name="log.base" value="/home/quote/logs/monitor-client/client"/>-->
    <appender name="CONSOLE" class="ch.qos.logback.core.ConsoleAppender">
        <layout class="ch.qos.logback.classic.PatternLayout">
            <pattern>%d{yyyy-MM-dd HH:mm:ss.SSS} [%thread] %-5level %logger{36}:%L -%msg%n</pattern>
        </layout>
    </appender>


    <appender name="FILE"
              class="ch.qos.logback.core.rolling.RollingFileAppender">
        <Encoding>UTF-8</Encoding>
        <File>${log.base}.log</File>
        <rollingPolicy class="ch.qos.logback.core.rolling.TimeBasedRollingPolicy">
            <FileNamePattern>${log.base}.%d{yyyyMMdd}.log.zip</FileNamePattern>
        </rollingPolicy>
        <layout class="ch.qos.logback.classic.PatternLayout">
            <pattern>%date [%thread] %-5level %logger{80}:%L - %msg%n</pattern>
        </layout>
    </appender>
    <logger name="com.csr.receive">
        <level value="INFO"/>
        <appender-ref ref="CONSOLE"/>
        <appender-ref ref="FILE"/>
    </logger>


</configuration>