<?xml version="1.0" encoding="UTF-8"?>
       <!DOCTYPE configuration PUBLIC "-//mybatis.org//DTD Config 3.0//EN" "http://mybatis.org/dtd/mybatis-3-config.dtd">
      <configuration>

    <properties resource="config.properties">

    </properties>

        <environments default="cybatis">
             <environment id="cybatis">
                <transactionManager type="JDBC" />
                 <dataSource type="POOLED">
                  <property name="driver" value="${db_driver}" />
                  <property name="url" value="${db_address}" />
                   <property name="username" value="${db_user}" />
                   <property name="password" value="${db_pwd}" />
                   </dataSource>
          </environment>
        </environments>
    <mappers>
     <mapper resource="mapper/UserMapper.xml"/>
     <mapper resource="mapper/LabDataMapper.xml"/>
          <!--  <package name="com.csr.receive.mapper"/>-->

               </mappers>

    </configuration>